date	MIN_Tempperature				MAX_Temperature			
	HELMERS	CRREL	CARSNOW	CPEAK	HELMERS	CRREL	CARSNOW	CPEAK
01/01/11	-13.66	-22.98	-19.08	-14.45	2.49	-4.22	-4.89	1.42
01/02/11	1.61	-12.46	-7.15	-0.11	3.21	-1.65	-3.38	1.76
01/03/11	-0.68	-13.05	-9.91	-2.52	1.74	-6.65	-4.73	0.49
01/04/11	-1.96	-9.62	-8.36	-3.12	0.73	-2.14	-2.34	-0.51
01/05/11	-10.57	-24.15	-17.9	-9.58	-2.3	-7.48	-4.06	-2.37
01/06/11	-13.87	-24.84	-18	-15.45	-9.62	-9.62	-10.14	-10.18
01/07/11	-14.14	-14.05	-13.04	-15.38	-12.79	-12.31	-12.03	-14.18
01/08/11	-15.83	-20.64	-17.66	-16.12	-8.41	-11.54	-11.93	-8.98
01/09/11	-11.24	-18.38	-14.83	-9.38	-5.25	-10.28	-9.37	-4.31
01/10/11	-9.29	-23.6	-17.83	-6.18	-3.96	-10.91	-10.48	-3.71
01/11/11	-11.11	-23.97	-17.39	-13.19	-4.1	-11.57	-10.61	-5.65
01/12/11	-15.48	-27.86	-23.67	-15.85	-10.57	-21.06	-17.02	-12.38
01/13/11	-18.79	-29.49	-25.16	-20.79	-12.17	-14.98	-16.71	-13.51
01/14/11	-20.14	-30.32	-23.37	-21.86	-18.11	-17.62	-18.57	-19.79
01/15/11	-20.01	-32.64	-27.36	-21.53	-16.36	-26.17	-23.03	-17.99
01/16/11	-23.66	-34.3	-29.25	-20.06	-13.93	-13.84	-16.43	-15.25
01/17/11	-25.48	-37.9	-32.44	-25.67	-23.59	-26.22	-25.9	-21.66
01/18/11	-28.39	-39.54	-35.49	-27.34	-23.52	-25.69	-25.16	-23.53
01/19/11	-23.38	-41.9	-35.28	-22.46	-14.87	-37.25	-31.55	-14.98
01/20/11	-24.8	-43.82	-37.45	-24.06	-21.69	-39.74	-34.94	-21.06
01/21/11	-23.59	-43.66	-37.66	-23.2	-20.47	-33.75	-30.27	-20.59
01/22/11	-33.07	-40.86	-37.25	-32.9	-20.41	-26.38	-26.24	-20.32
01/23/11	-32.87	-42.81	-38.91	-32.9	-17.03	-15.82	-17.59	-18.19
01/24/11	-17.11	-27.13	-23.27	-17.12	-8	-14.69	-16.07	-6.04
01/25/11	-8.88	-28.77	-24.62	-5.97	-1.95	-19.83	-18.84	-2.84
01/26/11	-16.71	-25.44	-22.49	-16.26	-5.38	-16.8	-17.56	-4.78
01/27/11	-17.65	-25.34	-20.97	-18.52	-11.77	-13.27	-13.85	-10.71
01/28/11	-9.68	-25.27	-21.1	-9.84	-3.57	-17.59	-13.24	-4.91
01/29/11	-5.65	-21.67	-15.81	-5.38	-3.35	-14.12	-13.38	-3.19
01/30/11	-8.14	-25.61	-18.77	-7.24	-3.22	-15.9	-13.81	-2.32
01/31/11	-8.41	-27.4	-20.19	-7.98	-2.02	-13.23	-10.07	-3.44
02/01/11	-9.5	-16.83	-13.04	-8.05	-1.28	-8.6	-7.18	-2.79
02/02/11	-13.54	-17.95	-14.59	-13.12	-9.01	-12.28	-12.06	-8.18
02/03/11	-11.17	-12	-11.76	-11.65	-5.45	-8.75	-8.97	-6.71
02/04/11	-14.68	-27.46	-21.44	-12.99	-9.62	-11.47	-10.35	-10.39
02/05/11	-13.8	-29.92	-23.3	-12.51	-7.79	-20.53	-19.24	-7.4
02/06/11	-14.14	-29.02	-22.32	-10.71	-7.05	-21.78	-19.38	-3.6
02/07/11	-13.66	-30.86	-24.41	-11.77	-8.47	-21.67	-19.28	-8.51
02/08/11	-8.47	-24.67	-20.08	-8.51	-1.62	-7.24	-6.75	-3.19
02/09/11	-10.44	-13.26	-9	-11.65	-2.29	-5.37	-5.5	-3.31
02/10/11	-18.73	-18.05	-17.8	-19.73	-10.7	-8.03	-9.14	-12.39
02/11/11	-24.27	-23.09	-23.3	-24.87	-18.93	-17.47	-17.59	-19.72
02/12/11	-28.59	-37.21	-32.98	-28.08	-23.58	-23.5	-23.64	-22.34
02/13/11	-34.36	-40.73	-36.54	-32.96	-24.59	-26.54	-28.44	-19.11
02/14/11	-34.43	-40.78	-37.01	-34.71	-30.7	-26.48	-27.53	-28.48
02/15/11	-33.82	-42.25	-38.88	-31.96	-21.83	-27.94	-27.19	-20.79
02/16/11	-26.77	-40.74	-35.93	-25.2	-18.51	-27.02	-25.6	-18.73
02/17/11	-23.65	-28.7	-28.47	-24.6	-12.52	-13.31	-13.38	-13.58
02/18/11	-19.54	-29.88	-24.69	-17.65	-10.57	-9.07	-9.4	-12.45
02/19/11	-25.96	-33.52	-27.29	-25.2	-12.72	-14.65	-14.18	-15.05
02/20/11	-26.7	-33.85	-29.69	-25.87	-14	-15.38	-15.84	-13.71
02/21/11	-22.37	-21.64	-20.9	-24.07	-10.03	-7.78	-8.9	-10.91
02/22/11	-24.2	-34	-29.56	-25.14	-19.93	-16.8	-17.32	-19.6
02/23/11	-23.05	-34.2	-29.49	-22.86	-10.16	-13.25	-13.68	-10.85
02/24/11	-11.92	-17.03	-15.54	-12.92	-3.91	-6.19	-6.07	-3.91
02/25/11	-20.35	-17.19	-17.66	-22.06	-3.3	-1.84	-1.87	-4.58
02/26/11	-24.54	-27.76	-29.29	-25.07	-19.13	-15.69	-16.07	-19.94
02/27/11	-26.09	-32.48	-32.91	-24.6	-19.93	-19.56	-19.68	-19.6
02/28/11	-25.14	-32.8	-32.88	-23.86	-17.57	-18.16	-17.8	-15.61
03/01/11	-22.17	-32.13	-30.98	-20.66	-13.58	-16.53	-15.1	-14.21
03/02/11	-18.12	-30.01	-28.58	-18.19	-12.66	-13.71	-10.67	-12.39
03/03/11	-18.92	-28.17	-27.05	-18.92	-12.85	-11.94	-9.11	-13.19
03/04/11	-17.17	-31.55	-26.44	-18.86	-12.72	-11.38	-8.88	-13.79
03/05/11	-12.38	-23.41	-17.9	-14.05	-6.13	-5.11	-2.87	-6.73
03/06/11	-12.32	-27.39	-21.71	-11.51	-4.98	-4.12	-4.35	-4.75
03/07/11	-11.78	-26.63	-21.13	-13.05	-5.05	-2.51	-2.07	-7.45
03/08/11	-12.25	-25.33	-21.03	-14.05	-6.27	-4.08	-2.72	-7
03/09/11	-14.07	-27.66	-19.38	-15.45	-9.77	-6.72	-5.96	-10.98
03/10/11	-14.07	-31.36	-23.57	-15.32	-8.62	-5.52	-5.59	-8.72
03/11/11	-15.75	-31.48	-25.16	-15.05	-8.54	-3.84	-5.79	-8.15
03/12/11	-16.97	-31.21	-25.67	-14.38	-7.94	-4.04	-5.73	-7.14
03/13/11	-15.35	-28.24	-23.03	-16.85	-9.22	-5.53	-5.2	-9.99
03/14/11	-15.69	-26.9	-23.97	-17.66	-10.84	-7.22	-7.28	-11.99
03/15/11	-14.2	-28.11	-22.73	-15.72	-7.14	-3.76	-3.41	-7.26
03/16/11	-15.82	-26.88	-23.03	-17.39	-6.53	-3.17	-3.31	-8.4
03/17/11	-16.49	-31.41	-24.58	-17.52	-9.77	-4.72	-6.17	-8.68
03/18/11	-13.59	-30.86	-24.89	-14.85	-4.25	2.89	-0.92	-4.81
03/19/11	-12.45	-23.21	-18.58	-12.05	-5.8	-2.35	-3.11	-6.93
03/20/11	-7.26	-22.5	-16.34	-8.64	0.51	4.29	3.68	-0.61
03/21/11	-8.13	-25.92	-18.91	-7.64	-1.23	4.48	1.8	-1.01
03/22/11	-9.42	-26.32	-19.75	-8.64	-2.24	2.14	1.16	-2.95
03/23/11	-7.2	-22.69	-17.15	-6.51	0.51	5.61	4.11	0.05
03/24/11	-5.98	-20.56	-14.42	-6.04	1.32	6.15	4.58	0.98
03/25/11	-5.59	-21.01	-14.66	-5.24	1.19	5.95	4.48	1.51
03/26/11	-7.06	-19.35	-13.78	-5.9	-0.16	4.2	3.03	0.11
03/27/11	-8.41	-19.21	-13.99	-7.65	0.05	4.56	2.93	-1.28
03/28/11	-8.55	-11.85	-9.61	-9.78	-4.44	-1.79	-2.55	-6.11
03/29/11	-4.24	-9.38	-8.43	-5.71	4.75	7.12	7.22	3.27
03/30/11	-9.7	-14.6	-9.58	-10.98	2.34	5.18	3.79	1.2
03/31/11	-15.75	-24.52	-19.93	-15.86	-9.23	-4.49	-5.31	-10.34
04/01/11	-16.96	-28.57	-23.71	-16.45	-6.8	-2.81	-2.92	-6.68
04/02/11	-8.81	-20.48	-16.42	-10.04	1.26	5.54	4.1	-0.35
04/03/11	-3.37	-16.1	-11.8	-4.51	3.54	6.68	6.78	2.73
04/04/11	-3.5	-13.46	-8.97	-3.59	4.36	5.25	4.94	0.6
04/05/11	-7.34	-8.33	-5.81	-8.58	3.36	6.71	4.69	0.08
04/06/11	-16.3	-20.11	-19.18	-17.92	-9.7	-5.93	-6.66	-10.78
04/07/11	-12.99	-17.54	-15.87	-14.38	-1.82	-0.96	-1.48	-3.12
04/08/11	-4.84	-9.73	-7.52	-6.45	3.41	6.86	5.4	0.65
04/09/11	-8.41	-13.55	-12	-9.31	-0.76	4.69	3.56	-0.75
04/10/11	-9.01	-15.47	-12.78	-8.38	0.45	4.39	3.83	-0.75
04/11/11	-11.51	-14.8	-11.67	-13.38	-1.89	1.66	2.29	-3.59
04/12/11	-13.39	-17.37	-17.36	-15.66	-6.66	-4.32	-3.59	-10.14
04/13/11	-13.46	-19.04	-18.3	-15.12	-7.4	-4.43	-4.34	-10.26
04/14/11	-10.77	-8.93	-8.87	-12.91	-0.96	1.76	1.72	-2.86
04/15/11	-5.65	-11.32	-11.86	-7.31	4.47	8.44	7.06	4.24
04/16/11	-4.57	-14.21	-10.01	-7.12	0.53	5.39	4.04	0.19
04/17/11	-6.79	-17.01	-12.37	-6.44	2.89	6.8	5.88	1.33
04/18/11	-4.38	-10.65	-7.19	-3.91	5.29	8.7	7.19	2.72
04/19/11	-6.72	-11.23	-8	-8.78	2.28	7.68	5.77	-0.15
04/20/11	-8.55	-10.8	-10.12	-10.38	-2.43	1.26	1.18	-4.13
04/21/11	-8.54	-13.59	-12.43	-9.98	0.05	4.21	3.3	-1.15
04/22/11	-4.18	-5.41	-4.97	-5.98	3.21	6.32	6.31	2.2
04/23/11	1.41	-3.31	-2.34	-0.72	8.84	13.24	11.45	8.9
04/24/11	0.74	-6.68	-4.26	0.22	9.6	14.72	12.85	9.77
04/25/11	-0.47	-6.84	-4.7	-0.92	7.71	13.4	11.15	7.31
04/26/11	0.33	-5.15	-2.91	0.82	7.92	11.39	9.8	5.32
04/27/11	0.32	-2.27	-1.78	-0.58	4.35	6.83	5.88	1.28
04/28/11	0.46	-2.66	-1.26	-0.31	6.69	12.07	9.17	4.93
04/29/11	0.73	-5.91	-3.55	0.76	10.2	12.78	11.57	6.45
04/30/11	1.67	-4.25	-2.48	1.42	9.78	15.18	12.02	8.32
05/01/11	0.81	-4.74	-2.65	-0.18	5.5	11.55	9.56	3.6
05/02/11	-0.35	-5.4	-2.78	-1.45	4.96	8.39	7.36	3
05/03/11	-1.15	-6.85	-4.16	-2.45	5.16	11.76	8.86	3.8
05/04/11	-2.01	-8.62	-6.07	-2.37	6.37	12.01	9.96	3.59
05/05/11	-1.54	-9.12	-6.11	-2.04	6.36	13.8	10.37	4.46
05/06/11	-2.1	-6.88	-4.83	-3.65	8.58	14.25	11.08	6.6
05/07/11	-5.72	-8.82	-6.14	-7.25	-0.42	4.95	2.49	-2.32
05/08/11	-6.25	-11.14	-8.97	-6.91	5.36	11.65	9.29	3.58
05/09/11	0.14	-8.36	-6.01	-1.32	7.45	14.59	11.15	5.85
05/10/11	-2.63	-8.87	-5.84	-4.58	6.65	9.79	8.17	3.4
05/11/11	-3.9	-7.31	-4.73	-5.11	3.74	8.59	6.78	2
05/12/11	-2.08	-7.54	-4.9	-4.18	4.28	10.57	8.85	2.34
05/13/11	-0.74	-2.68	-2.65	-2.79	5.7	10.69	8.66	4.2
05/14/11	1.95	-4.18	-3.72	0.15	14.08	19.08	16.18	12.18
05/15/11	3.02	-5.84	-2.28	2.69	12.8	18.69	15.68	11.52
05/16/11	4.09	-2.91	0.39	3.48	12.28	18.26	16.13	11.72
05/17/11	5.37	-2.21	-1.14	4.21	17.28	23.64	20.91	16.91
05/18/11	10.12	3.69	3.6	8.34	15.87	21.97	18.87	15.46
05/19/11	9.73	-1.41	2.13	7.88	17.75	24.78	20.47	16.71
05/20/11	8.04	-2	2.02	6.75	16.69	21.79	19.83	14.92
05/21/11	10.13	-2.59	1.45	8.35	17.37	23.05	21.51	16.59
05/22/11	9.65	0.29	3.12	8.54	18.69	23.8	21.52	17.05
05/23/11	8.79	7.22	7.15	7.55	18.22	24.99	21.55	17.85
05/24/11	12.95	4.09	5.68	11.14	21.84	26.87	25.46	21.51
05/25/11	12.81	4.26	6	11.61	18.95	24.44	21.38	18.06
05/26/11	12.82	1.08	4.6	11.88	22.45	27.92	25.58	21.84
05/27/11	15.23	-0.26	4.97	13.74	25.05	30.92	28.24	23.58
05/28/11	16.76	2.25	6.92	15.81	26.28	30.94	27.94	25.11
05/29/11	14.27	3.46	7.33	13.07	23.23	28.26	25.85	22.24
05/30/11	12	0.62	4.7	11.54	21.1	26.66	23.78	20.25
05/31/11	11.2	2.35	6.01	11.81	22.18	28.13	24.48	21.44
06/01/11	9.24	3.15	6.58	7.48	20.43	24.63	22.82	19.78
06/02/11	8.04	8.79	8.5	6.28	14.4	18.51	17.34	13.14
06/03/11	7.23	5.5	5.31	5.68	16.69	22.09	19.58	16.65
06/04/11	7.37	-1.22	1.88	7.2	15.27	20.24	16.66	13.65
06/05/11	7.38	-2.48	0.57	7.61	17.5	20.26	19.18	16.24
06/06/11	7.91	1.12	4.03	6.41	17.21	22.9	19.76	16.64
06/07/11	8.85	-1.84	2.42	9.42	21.1	26.63	24.02	21.37
06/08/11	8.18	6.77	7.45	7.55	13.61	15.97	14.82	12.01
06/09/11	6.42	7.37	7.29	4.74	11.52	15.7	13.96	9.87
06/10/11	4.89	2.79	3.02	4.41	15.88	20.76	16.92	14.05
06/11/11	8.38	0.28	4.57	6.68	17.21	23.98	19.61	17.24
06/12/11	7.64	3.62	5.85	6.47	15.88	19.11	17.66	13.13
06/13/11	7.03	4.28	6.28	5.88	13.14	18.42	15.41	11.01
06/14/11	6.7	3.07	3.89	6.01	12.8	19.02	15.05	11.94
06/15/11	6.96	6.72	7.19	5.42	11.39	14.8	12.42	9.07
06/16/11	6.42	4.17	5	5.75	15.88	21.85	17.83	15.32
06/17/11	9.26	-1.5	1.95	9.01	19.03	25.75	21.72	19.38
06/18/11	10.19	-0.81	3.12	10.21	20.31	26.63	22.41	19.26
06/19/11	14.28	0.39	4.3	13.01	23.19	27.14	24.76	21.37
06/20/11	10.52	9.09	10.3	8.67	16.35	19.08	16.94	14.52
06/21/11	11.19	11.27	11.28	9.54	18.49	24.03	21.06	18.32
06/22/11	11.32	12.04	12.08	9.81	14.01	16.42	14.93	11.94
06/23/11	7.5	7.83	8.06	5.88	14.22	17.43	16.12	11.08
06/24/11	6.36	1.67	3.16	6.21	21.42	27.91	24.05	21.17
06/25/11	13.74	9.27	9.17	12.27	26.24	32.03	28.67	25.78
06/26/11	12.06	8.11	9.93	11.4	16.75	20.52	17.67	15.26
06/27/11	10.79	4.02	6.25	10.94	21.7	28.31	24.1	21.77
06/28/11	10.05	7.82	8.9	8.74	15.41	18.58	16.67	12.54
06/29/11	8.97	11.18	10.71	8.07	11.66	14.46	13.76	9.74
06/30/11	8.88	8.58	9.39	7.61	15.78	19.81	16.84	12.6
07/01/11	6.4	3.94	6.37	7.15	17.25	20.49	17.38	14.74
07/02/11	4.29	0.64	3.56	8.61	18.28	20.94	18.44	15.52
07/03/11	10.63	10.96	11.18	9.01	17.16	21.67	17.38	15.13
07/04/11	9.27	9.4	9.66	7.55	16.95	20.13	18.19	13.92
07/05/11	6.04	4.56	5.64	7.15	21.68	25.99	21.31	18.44
07/06/11	7.23	3.24	6.22	12.08	23.42	26.27	23.41	22.31
07/07/11	7.72	2.66	6.55	13.14	24.06	27.9	24.02	22.58
07/08/11	9.9	8.44	9.19	11.3	22.97	26.26	22.35	20.31
07/09/11	6.82	2.67	6.35	11.28	23.42	27.49	23.19	19.57
07/10/11	7.06	3.43	6.75	10.88	20.95	24.6	21.83	18.26
07/11/11	8.96	7.94	9.31	9.54	22.48	25.87	22.46	19.57
07/12/11	10.39	9.76	10.67	8.14	17.28	19.46	17.65	14.74
07/13/11	7.51	7.65	8.36	6.34	18.66	22.53	18.64	15.58
07/14/11	3.95	0.15	3.37	7.55	18.95	23.31	18.14	15.72
07/15/11	9.3	8.73	9.9	8.61	18.28	22.79	17.8	14.39
07/16/11	3.7	1.18	3.66	5.94	15.13	18.76	15.96	11.47
07/17/11	1.9	-2.43	0.91	6.95	20.04	24.28	19.75	17.3
07/18/11	6.52	6.18	7.42	5.94	15.15	18.57	15.14	12.27
07/19/11	5.35	3.57	5.44	5.42	16.99	20.61	16.44	14.39
07/20/11	2.91	-1.68	1.96	7.75	21.9	25.88	21.75	18.71
07/21/11	6.07	1.11	5.34	11.41	22.65	27.26	22.79	19.45
07/22/11	8.74	4.14	7.94	14.14	25.44	28.14	25.6	22.58
07/23/11	6.76	1.05	5.28	11.4	25.03	28.18	24.73	22.17
07/24/11	9.31	8.67	8.69	8.14	17.49	20.48	17.97	14.52
07/25/11	8.27	5.06	8.03	10.21	22.02	24.68	21.35	20.04
07/26/11	7.68	5.36	7.86	8.61	17.47	19.97	17.85	14.85
07/27/11	7.46	6.31	7.45	8.61	16.46	19.67	16.03	14.39
07/28/11	5.96	3.54	6.15	8.08	18.57	22.74	18.25	15.06
07/29/11	7.08	3.38	6.69	8.61	19.79	23.44	20.02	16.06
07/30/11	8.4	9.36	9.17	6.48	13.12	15.8	13.59	10.27
07/31/11	5.7	3.42	6.41	5.08	12.68	15.33	13.44	10.08
08/01/11	5.06	3.27	4.97	6.95	19.41	23.23	19.08	16.12
08/02/11	8.75	8.15	8.63	9.34	17.3	20.24	17.48	14.87
08/03/11	9.05	7.89	8.7	8.94	19.88	22.21	19.85	17.58
08/04/11	5.25	1.56	4.64	9.42	22.65	26.84	22.66	19.84
08/05/11	2.17	0.4	2.51	3.61	11.73	14.37	12.89	10.01
08/06/11	-0.72	-3.36	-1.16	1.96	17.16	21.34	16.7	13.79
08/07/11	3.22	1.66	3.52	3.55	10.43	13.48	11.12	6.8
08/08/11	1.99	1.29	1.15	3.41	15.14	19.98	14.4	12.19
08/09/11	5.93	4.22	5.78	4.62	12.87	15.67	12.46	10.47
08/10/11	5.53	5.8	6.32	4.28	14.38	17.73	14.47	11.99
08/11/11	4.71	3.58	4.13	6.41	16.18	19.97	15.04	13.66
08/12/11	2.36	-1.82	1.89	6.15	19.47	24.12	18.77	16.24
08/13/11	7.78	7.2	8.23	6.48	11.77	14.57	12.49	9.81
08/14/11	4.03	2.65	3.9	5.48	13.89	17.87	13.26	10.67
08/15/11	6.81	6.07	5.81	6.88	16.57	20.75	16.49	13.07
08/16/11	3.88	3.12	2.22	6.15	16.51	21.08	17.28	13.72
08/17/11	7.42	6.84	6.99	7.28	16.63	18.99	16.7	14.19
08/18/11	5.48	3.98	5.38	6.75	16.42	20.17	16.81	14.12
08/19/11	4.21	2.29	2.89	6.61	20.12	23.85	19.78	16.72
08/20/11	7.58	8.77	8.03	5.94	12.25	15.06	13.39	9.27
08/21/11	6.1	7.5	6.89	3.88	11.52	13.79	12.02	8.74
08/22/11	6.45	6.81	5.92	6.61	16.72	21.26	15.93	14.58
08/23/11	6.59	4.16	6.99	7.01	13.54	16.11	13.89	11.28
08/24/11	5.17	2.29	4.4	5.15	16.16	19.87	15.86	13.85
08/25/11	1.82	-2.57	0.58	6.89	18.41	22.65	17.55	16.84
08/26/11	3.12	-1.81	2.33	8.48	20.19	23.8	20.59	17.77
08/27/11	3.1	-1.26	1.68	8.01	20.24	25.17	19.38	17.37
08/28/11	3.32	-1.58	2.46	8.75	20.58	24.96	19.48	17.64
08/29/11	2.57	-2.87	0.55	8.82	19.81	24.71	19.31	16.7
08/30/11	2.12	-3.41	0.48	8.68	17.89	21.21	17.85	15.12
08/31/11	4.53	1.95	4.1	7.41	17.06	21.92	16.4	13.99
09/01/11	2.8	0.72	1.65	5.75	13.64	17.1	14.26	11.21
09/02/11	1.13	-3.17	0.48	5.75	17.26	20.83	17.08	14.52
09/03/11	2.36	-0.14	1.61	5.55	16.38	21.36	15.31	13.12
09/04/11	1.92	-1.05	0.85	5.82	16.79	21.48	16.44	13.91
09/05/11	0.2	-4.75	-0.86	6.15	19.36	22.74	19.25	16.25
09/06/11	6.24	6.91	6.83	4.28	14.23	17.58	14.4	10.99
09/07/11	3.52	0.77	2.96	6.75	17.92	21.6	17.18	14.99
09/08/11	2.97	-1.05	2.22	6.95	16.64	21.06	16.74	12.99
09/09/11	0.68	-2.91	-0.26	2.69	8.03	10.43	9.11	6.55
09/10/11	3.12	2.92	4.01	1.68	5.62	7.86	6.42	3.15
09/11/11	0.86	-2.65	0.34	2.29	11.92	15.6	11.69	8.53
09/12/11	-0.46	-5.07	-0.99	4.55	17.78	20.88	17.55	15.06
09/13/11	2.92	-2.85	1.46	9.95	19.87	23.14	19.68	16.78
09/14/11	2.65	-2.57	1.08	6.41	17.16	20.61	16.68	14.59
09/15/11	5.55	5.97	5.99	4.42	8.7	11.05	9.14	6.01
09/16/11	4.67	2.91	4.6	4.01	10.26	13.34	10.51	7.81
09/17/11	1.63	-1.45	0.91	5.08	14.61	17.96	14.74	11.12
09/18/11	1.18	-0.46	-0.3	3.95	14.11	17.54	13.89	11.32
09/19/11	0.44	-1.15	-0.63	3.09	14.06	17.4	14.13	10.94
09/20/11	6.18	6.18	3.4	4.82	14.73	17.14	16.38	13.07
09/21/11	4.33	4.33	1.52	6.81	16.65	16.65	18.05	15.25
09/22/11	2.62	2.62	-0.4	3.41	10.45	10.45	12.16	9.4
09/23/11	1.12	1.12	1.89	0.09	8.21	8.21	10.68	5.74
09/24/11	0.6	0.6	1.45	-0.58	4.77	4.77	6.8	2.75
09/25/11	-1.53	-1.53	-2.68	-0.58	8.44	8.44	9.88	7
09/26/11	-2.95	-2.95	-4.12	-1.78	5.39	5.39	7.45	3.34
09/27/11	-3.82	-3.82	-4.6	-3.04	4.6	4.6	6.86	2.34
09/28/11	-5.21	-5.21	-6.51	-4.04	3.86	3.86	5.68	2.66
09/29/11	-3.3	-4.42	-4.29	-2.31	5.11	7.54	6.22	2.74
09/30/11	-1.76	-5.14	-3.01	-2.85	1.86	5.44	4.35	0.61
10/01/11	-3.37	-2.09	-2.37	-2.97	4.01	8.27	6.59	3.86
10/02/11	2.82	-2.73	-2.64	1.36	9.33	13.7	12.12	8.8
10/03/11	1.95	-4.33	-2.61	1.82	7.1	11.41	10.02	6.74
10/04/11	-0.81	-8.41	-5.33	-0.11	6.25	8.93	8.01	5.62
10/05/11	-1.01	-11.03	-6.88	-1.11	5.9	10.65	8.61	5.67
10/06/11	1.74	-8.4	-5.36	0.02	6.64	9.76	8.31	5.54
10/07/11	0.93	-3.41	-1.7	0.09	4.62	9.29	7.74	5.26
10/08/11	-1.01	-7.14	-5.6	-1.91	4.56	10.38	7.88	5.07
10/09/11	-0.81	-10.48	-5.77	-2.45	4.23	8.44	7.23	4.07
10/10/11	-4.58	-8.26	-6.81	-6.78	0.87	5.63	4.31	0.68
10/11/11	-5.18	-8.88	-7.59	-6.71	-1.28	2.26	1.39	-3.12
10/12/11	-7.2	-13.95	-11.76	-7.78	-1.28	2.21	0.42	-2.33
10/13/11	-6.59	-14.31	-12.06	-7.98	-3.02	-1.32	-2.14	-4.44
10/14/11	-2.62	-11.48	-9.3	-4.31	4.9	7.58	4.19	4.75
10/15/11	-1.42	-5.5	-3.18	-2.65	5.71	5.48	5.02	4.62
10/16/11	-2.43	-2.78	-2.07	-3.25	-0.15	2.51	1.8	-1.32
10/17/11	-4.85	-3.42	-3.42	-5.45	-1.5	1.75	0.24	-2.65
10/18/11	-4.45	-5.74	-4.93	-5.25	-0.41	-0.43	-1.09	-1.98
10/19/11	-8.14	-11.38	-9.61	-8.38	-4.25	-1.07	-2.1	-5.58
10/20/11	-6.99	-16.82	-12.43	-8.04	-3.16	-1.12	-2.84	-3
10/21/11	-4.84	-17.99	-14.19	-6.17	-0.41	-3.21	-3.58	-1.38
10/22/11	-6.33	-18.13	-13.48	-7.78	-0.73	-3.2	-4.82	-1.07
10/23/11	-7.41	-8.34	-8.43	-8.58	-3.64	-2.06	-2.94	-4.65
10/24/11	-3.5	-13.01	-10.21	-4.78	1.61	-1.77	-0.52	0.09
10/25/11	1.74	-3.8	-4.43	0.09	5.71	4.82	0.35	3.95
10/26/11	-6.33	-5.48	-5.14	-7.11	1.2	-1.25	-2.07	-0.18
10/27/11	-7.81	-19.35	-15.23	-9.98	-5.99	-4	-4.72	-6.39
10/28/11	-6.11	-20.42	-17.05	-7.31	-2.22	-8.63	-8.39	-3.59
10/29/11	-8.28	-22.16	-17.46	-8.91	-1	-9.12	-9.29	0.55
10/30/11	-12.66	-16.78	-15.09	-13.72	-8.21	-7.95	-8.32	-9.45
10/31/11	-15.63	-25.61	-21.61	-14.39	-10.09	-9.81	-9.63	-10.78
11/01/11	-19.2	-30.93	-27.09	-17.79	-14.4	-21.86	-21.74	-14.04
11/02/11	-22.37	-30.99	-27.59	-19.4	-17.24	-22.46	-21.44	-15.78
11/03/11	-15.68	-28.95	-26.21	-15.58	-6.32	-7.39	-7.96	-7.91
11/04/11	-13.6	-11.73	-10.96	-15.25	-4.3	-4.67	-4.82	-5.97
11/05/11	-16.37	-23.77	-21.34	-16.87	-12.51	-10.55	-10.92	-13.66
11/06/11	-11.97	-13.16	-14.41	-13.98	-7.87	-6.98	-7.24	-8.44
11/07/11	-17.31	-18.59	-17.49	-18.06	-10.3	-10.5	-10.45	-10.58
11/08/11	-19.74	-27.12	-24.21	-21.06	-16.76	-16.18	-16.34	-17.72
11/09/11	-18.31	-27.46	-24.41	-19.72	-8.34	-12.43	-12.37	-9.05
11/10/11	-9.5	-16.25	-14.09	-11.12	-7.54	-8.54	-8.8	-8.38
11/11/11	-10.57	-13.91	-14.05	-12.65	-8.01	-5.02	-6.24	-8.85
11/12/11	-14.2	-19.27	-16.24	-15.45	-10.16	-9.23	-10.75	-12.18
11/13/11	-21.56	-24.75	-22.86	-21.79	-14.14	-13.19	-13.38	-15.11
11/14/11	-25.28	-34.56	-30.88	-23.33	-19.87	-22.74	-22.69	-21.32
11/15/11	-30.77	-39.27	-35.62	-27.07	-23.45	-29.12	-28.44	-22.79
11/16/11	-31.04	-39.77	-38.78	-27.08	-24.8	-36.56	-36.03	-24.74
11/17/11	-24.6	-39.77	-38.98	-24.93	-22.23	-34.64	-30.2	-23.33
11/18/11	-22.3	-35.78	-29.08	-23.66	-19.93	-25.42	-23.93	-20.46
11/19/11	-20.88	-37.5	-30.71	-21.99	-16.9	-33.24	-25.43	-18.19
11/20/11	-28.05	-39.75	-35.49	-28.48	-17.5	-35.38	-27.22	-17.79
11/21/11	-31.17	-39.77	-37.76	-30.75	-24.94	-34.01	-33.38	-26.94
11/22/11	-24.6	-33.83	-33.42	-26.47	-20.14	-17.14	-17.73	-21.73
11/23/11	-20.41	-26.67	-26.34	-22.06	-18.59	-15.83	-16.58	-20.26
11/24/11	-21.29	-31.03	-27.29	-21.67	-19.06	-22.23	-21.57	-19.45
11/25/11	-21.76	-30.91	-27.76	-22.93	-19.67	-20.92	-21.2	-20.05
11/26/11	-26.16	-35.74	-32.94	-24.47	-20.82	-22.61	-22.9	-20.32
11/27/11	-21.76	-36.77	-33.76	-20.19	-12.58	-28.11	-24.61	-12.91
11/28/11	-19.53	-33.33	-28.81	-17.85	-11.84	-26.88	-25.06	-12.38
11/29/11	-20.21	-34.05	-28.98	-20.06	-8.27	-20.98	-17.76	-9.91
11/30/11	-7.46	-21.21	-16.44	-8.77	-2.83	-13	-10.91	-3.98
12/01/11	-11.64	-23.89	-17.42	-12.78	-3.3	-11.84	-11.42	-3.24
12/02/11	-14	-20.72	-16.29	-14.05	-6.66	-5.29	-5.73	-7.31
12/03/11	-16.09	-24.47	-19.96	-14.58	2.55	-3.22	-3.95	1.42
12/04/11	-5.06	-2.71	-3.31	-6.85	6.39	5.06	2.07	4.82
12/05/11	-13.8	-10.59	-11.33	-15.72	-6.8	-3.08	-3.93	-8.32
12/06/11	-20.41	-26.2	-24.55	-20.26	-14	-10.83	-11.49	-15.99
12/07/11	-15.27	-25.84	-22.9	-14.98	-5.31	-8.52	-8.29	-6.71
12/08/11	-7.26	-17	-13.65	-7.64	-5.18	-7.67	-7.32	-5.84
12/09/11	-7.54	-10.55	-9.57	-8.64	-5.25	-6.2	-6.41	-6.11
12/10/11	-8.62	-15.96	-13.86	-9.65	-2.62	-4.95	-5.6	-4.71
12/11/11	-5.32	-9.4	-8.43	-5.92	-1.75	0.04	-1.36	-3.38
12/12/11	-9.02	-6.8	-6.98	-10.38	-3.16	-2.7	-3.28	-4.11
12/13/11	-10.03	-13.61	-11.16	-11.12	-6.86	-4.64	-5.13	-8.24
12/14/11	-13.66	-25.83	-21.61	-12.85	-9.96	-13.82	-11.86	-10.57
12/15/11	-12.71	-27.55	-22.66	-12.45	-8.01	-6.91	-9.47	-9.18
12/16/11	-8.41	-23.37	-19.05	-8.91	-4.49	-10.1	-9.94	-5.9
12/17/11	-6.79	-24.76	-19.21	-7.64	-3.56	-15.41	-11.66	-4.97
12/18/11	-4.03	-17.84	-12.87	-5.18	1.07	3.42	-0.32	-0.31
12/19/11	-9.42	-18.7	-14.76	-9.05	-2.56	-3.7	-3.38	-3.04
12/20/11	-10.77	-22.22	-17.56	-10.38	-3.69	-7.61	-8.19	-5.17
12/21/11	-10.42	-18.83	-14.93	-10.18	-2.69	-6.15	-6.71	-4.31
12/22/11	-10.23	-20.86	-16.92	-10.78	-7.81	-11.14	-8.7	-9.38
12/23/11	-22.24	-26.75	-23.71	-21.46	-9.5	-11.89	-10.11	-10.58
12/24/11	-23.18	-34.6	-29.56	-22.33	-17.97	-27.85	-24.17	-19.85
12/25/11	-18.32	-32.77	-25.16	-19.86	-14.94	-13.77	-14.56	-16.18
12/26/11	-18.99	-31.71	-26.82	-19.19	-14.13	-15.33	-17.12	-15.25
12/27/11	-23.45	-32.11	-28.74	-22.13	-16.76	-16.41	-18	-17.71
12/28/11	-28.53	-34.43	-31.25	-28.41	-21.69	-25.57	-25.3	-17.05
12/29/11	-31.04	-37.26	-34.88	-29.82	-26.16	-24.74	-24.86	-27.01
12/30/11	-29.95	-32.74	-31.72	-30.15	-27.38	-28.47	-29.02	-26.94
12/31/11	-33.61	-38.25	-35.83	-31.42	-27.38	-28.67	-28.74	-25.73
01/01/12	-29.27	-36.34	-35.76	-26.27	-24.67	-31.01	-30.61	-21.19
01/02/12	-34.29	-39.68	-36.81	-33.17	-29.47	-30.08	-30.03	-24.94
01/03/12	-29.75	-39.75	-37.69	-28.07	-22.77	-32.94	-31.96	-19.05
01/04/12	-33.34	-38.6	-36.91	-33.1	-24.93	-29.52	-29.63	-20.46
01/05/12	-32.73	-39.75	-36.4	-32.16	-11.23	-24.79	-24.08	-11.71
01/06/12	-33.41	-39.75	-36.3	-32.09	-18.92	-24.36	-24.45	-18.32
01/07/12	-32.6	-39.77	-37.28	-31.49	-19.94	-25.82	-26.07	-20.52
01/08/12	-34.29	-38.82	-35.59	-32.96	-25.96	-25.59	-26.04	-24.47
01/09/12	-34.56	-39.73	-36.47	-33.03	-18.72	-29.41	-29.21	-19.79
01/10/12	-17.77	-30.25	-27.01	-18.92	-5.58	-8.36	-8.63	-6.84
01/11/12	-17.45	-16.53	-16.15	-18.39	-3.62	-11.69	-7.88	-4.44
01/12/12	-29.07	-25.92	-26.31	-30.69	-17.78	-16.86	-16.59	-18.73
01/13/12	-36.53	-39.77	-38.95	-35.84	-29.61	-26.27	-26.75	-30.96
01/14/12	-36.4	-39.77	-40.96	-35.71	-33.68	-39.75	-38.13	-31.96
01/15/12	-33.07	-39.77	-40.63	-31.56	-25.75	-30.45	-29.69	-26.68
01/16/12	-30.97	-39.77	-37.62	-29.35	-25.96	-30.41	-29.59	-24.06
01/17/12	-29.21	-39.77	-37.79	-27.07	-19.39	-39.75	-35.66	-19.12
01/18/12	-21.09	-39.77	-36.1	-19.79	-15.34	-33.2	-30	-13.98
01/19/12	-19.74	-33.68	-29.89	-19.46	-16.08	-18.95	-19.64	-16.19
01/20/12	-18.38	-33.17	-27.36	-19.66	-15.81	-21.16	-21.68	-16.19
01/21/12	-21.63	-36.29	-30.5	-23.94	-16.69	-17.43	-18.6	-17.92
01/22/12	-25.28	-23.07	-23.57	-27.41	-22.1	-19.67	-20.23	-24.13
01/23/12	-29.82	-27.63	-27.53	-31.76	-25.41	-22.92	-23	-27.81
01/24/12	-31.24	-30.15	-30.4	-32.9	-29.61	-26.77	-27.09	-31.29
01/25/12	-32.32	-33.52	-32.13	-34.24	-29.41	-26.07	-26.65	-31.09
01/26/12	-32.66	-38.1	-35.18	-33.57	-30.29	-27.11	-27.56	-32.16
01/27/12	-36.33	-39.77	-42.78	-36.38	-33.82	-34.76	-34.43	-33.97
01/28/12	-35.72	-39.77	-44.6	-35.11	-31.37	-39.77	-41.67	-28.88
01/29/12	-32.32	-39.77	-44.37	-30.35	-24.26	-39.08	-36.57	-24
01/30/12	-29.34	-39.77	-40.3	-25.2	-25.14	-31.94	-31.66	-23
01/31/12	-29.21	-39.77	-38.47	-26.54	-20.47	-31.44	-31.01	-21.19
02/01/12	-19.73	-36.86	-33.83	-20.12	-3.62	-20.23	-11.78	-4.97
02/02/12	-11.2	-22.22	-18.45	-9.99	-0.54	-6.48	-5.39	-1.58
02/03/12	-29.61	-32.39	-30.68	-30.69	-17.81	-17.19	-16.35	-16.8
02/04/12	-28.39	-36.39	-32.57	-29.82	-5.57	-21.39	-16.07	-6.51
02/05/12	-5.24	-23.24	-17.7	-5.97	1.01	-6.71	-6.75	-0.11
02/06/12	-4.38	-20.76	-13.14	-3.38	1.82	-7.77	-6.27	1.67
02/07/12	-4.44	-23.31	-15.33	-5.38	-0.73	-10.39	-8.08	-1.59
02/08/12	-5.65	-19.17	-14.22	-7.31	-0.41	-5.5	-6.33	-0.92
02/09/12	-0.2	-12.98	-8.67	-1.98	2.35	-2.04	-1.42	0.89
02/10/12	-2.16	-9.52	-8.19	-3.78	-0.47	-1.24	-1.97	-1.78
02/11/12	-2.34	-17.79	-11.22	-2.84	0.88	-2.55	-2.91	0.02
02/12/12	-3.62	-18.46	-12.3	-3.31	0.47	-3.15	-3.72	-0.05
02/13/12	-3.42	-19.44	-13.08	-4.58	-0.06	-4.19	-3.58	-1.24
02/14/12	-8.28	-14.4	-10.12	-9.58	-0.07	-5.29	-5.63	-1.18
02/15/12	-9.08	-20.96	-16.28	-9.18	-2.55	-6.14	-5.26	-4.04
02/16/12	-6.99	-18.1	-13.08	-6.45	-2.27	-4.12	-4.96	-2.81
02/17/12	-5.71	-20.27	-14.26	-5.77	-1.33	-6.13	-5.76	-2.34
02/18/12	-7.06	-23.77	-17.26	-7.64	-2.08	-4.27	-6.64	-2.27
02/19/12	-9.61	-26.55	-19.72	-8.9	-5.17	-7.96	-9.2	-5.99
02/20/12	-7.81	-24.83	-17.49	-9.85	-4.64	-6.52	-4.34	-5.39
02/21/12	-13.4	-23.06	-16.48	-14.52	-7.13	-6.86	-6.67	-8.31
02/22/12	-15.08	-21.52	-16.72	-14.99	-9.42	-6.52	-7.07	-11.45
02/23/12	-13.46	-16.48	-13.75	-13.78	-8.61	-6.93	-7.85	-10.32
02/24/12	-19.13	-18.31	-18.61	-19.26	-12.78	-10.79	-10.07	-13.11
02/25/12	-19.4	-20.63	-19.72	-20.13	-16.09	-12.97	-13.38	-17.25
02/26/12	-16.02	-18.86	-17.66	-16.72	-5.59	-3.08	-4.19	-6.66
02/27/12	-18.52	-19.79	-17.73	-20.26	-5.58	-11.09	-10.65	-6.71
02/28/12	-24.6	-26.36	-24.62	-26.41	-19.13	-17.09	-16.44	-20.66
02/29/12	-23.99	-28	-26.51	-25.81	-20.34	-16.94	-16.48	-21.67
03/01/12	-21.56	-30.63	-27.87	-23.33	-14.54	-12.2	-13.02	-15.06
03/02/12	-20.2	-31.33	-27.6	-19.32	-11.78	-12.08	-10.71	-12.59
03/03/12	-24.74	-30.55	-26.28	-24.07	-16.9	-14.68	-14.59	-17.39
03/04/12	-25.35	-33.54	-29.46	-25.81	-19.39	-14.83	-16.68	-20.88
03/05/12	-24.94	-33.93	-29.83	-25.54	-15.21	-12.66	-12.84	-16.12
03/06/12	-15.41	-16.37	-15.6	-16.65	-8.61	-6.8	-6.54	-10.25
03/07/12	-11.44	-11.87	-11.22	-12.45	-6.66	-3.94	-4.66	-7.64
03/08/12	-12.86	-23.01	-19.62	-14.85	-6.72	-3.04	-2.78	-9.51
03/09/12	-19.46	-22.36	-19.39	-21.46	-12.12	-10.63	-10.38	-14.39
03/10/12	-23.05	-30.96	-27.19	-22.86	-17.51	-12.09	-14.73	-18.08
03/11/12	-24.2	-33.18	-28.85	-24.13	-17.18	-12.85	-14.39	-17.48
03/12/12	-22.98	-29.85	-25.84	-24.13	-17.17	-13.76	-13.84	-18.67
03/13/12	-20.54	-29.75	-25.3	-22.26	-11.57	-8.77	-6.86	-13.4
03/14/12	-17.17	-27.74	-24.72	-18.06	-9.42	-8.18	-9	-10.79
03/15/12	-15.28	-30.08	-24.45	-15.25	-7.61	-4.56	-4.87	-8.73
03/16/12	-20.81	-28.23	-25.77	-21.93	-11.91	-8.62	-8.22	-13.47
03/17/12	-20.75	-33.38	-27.53	-21.86	-14.01	-10.38	-11.33	-14.75
03/18/12	-20.82	-28.13	-23.24	-21.06	-14.15	-10.64	-11.16	-14.87
03/19/12	-20.61	-30.18	-25.47	-19.93	-10.5	-7.67	-8.97	-11.94
03/20/12	-21.02	-26.69	-24.04	-23.2	-14.6	-12.36	-11.96	-17.01
03/21/12	-21.97	-31.18	-27.66	-23.73	-16.22	-13.49	-12.71	-18
03/22/12	-22.16	-35	-28.88	-23.4	-15.36	-10.21	-11.39	-15.28
03/23/12	-20.14	-33.9	-28.2	-21.46	-8.75	-4.76	-5.83	-9.53
03/24/12	-11.17	-15.29	-13.72	-11.45	-5.12	-2.83	-3.45	-8.39
03/25/12	-14.27	-22.54	-17.19	-12.98	-4.79	-1.86	-1.74	-7.6
03/26/12	-12.18	-22.41	-17.49	-11.91	-4.25	1.63	-1.03	-4.68
03/27/12	-10.29	-25.89	-20.23	-10.17	-1.3	2.78	1.19	-2.01
03/28/12	-5.51	-19.34	-14.76	-6.65	3.08	9.14	6.33	2.71
03/29/12	-3.02	-20.21	-13.48	-3.98	4.76	8.12	6.8	3.12
03/30/12	-4.37	-16.23	-11.49	-4.98	3.89	7.78	5.45	3.24
03/31/12	-7.74	-7.23	-5.88	-9.18	-1.35	2.27	1.26	-2.53
04/01/12	-11.1	-15.68	-11.49	-12.58	-2.16	2.26	0.81	-1.89
04/02/12	-13.93	-19.48	-16.79	-15.45	-8.01	-4.66	-3.86	-9
04/03/12	-14.81	-22.96	-18.57	-15.65	-6.73	-2.85	-4.09	-8.07
04/04/12	-13.39	-24.96	-19.58	-12.97	-1.16	4.5	2.22	-1.94
04/05/12	-2.42	-12.3	-8.87	-3.91	6.44	9.74	8.6	4.79
04/06/12	-4.9	-11.09	-7.63	-5.38	4.11	7.3	5.18	0.96
04/07/12	-5.91	-10.39	-9.1	-5.24	2.28	5.13	3.91	-0.26
04/08/12	-4.44	-5.86	-5.67	-5.25	2.74	8.07	5.82	1.51
04/09/12	-2.22	-12.98	-8.16	-3.51	5.09	10.75	8.06	4.78
04/10/12	-1	-13.82	-8.49	-1.85	6.9	10.49	9.58	5.32
04/11/12	0.88	-11.08	-6.24	-0.11	8.31	12.52	10.63	7.38
04/12/12	1.01	-9.93	-5.9	-0.45	7.93	11.46	10.53	5.73
04/13/12	0.41	-3.19	-2.68	-1.45	6.78	9.83	10.05	4.53
04/14/12	-1.42	-2.6	-2.24	-2.52	5.36	9.23	8.33	4.52
04/15/12	1.55	-6.31	-3.31	0.09	10.59	14.33	12.99	9.24
04/16/12	4.5	-5.17	-2.41	3.09	10.46	14.27	13.36	9.12
04/17/12	4.84	-5.6	-2.44	3.15	11.13	15.45	14.26	9.97
04/18/12	2.55	-5.96	-2.98	2.88	10.94	16.29	13.82	9.58
04/19/12	3.75	-5.43	-2.31	1.62	11.4	16.62	13.79	9.58
04/20/12	1.41	-5.55	-2.98	0.89	9.19	14.85	12.44	7.25
04/21/12	-0.93	-7.82	-5.07	-0.71	7.37	13.67	10.64	6.45
04/22/12	0.2	-3	-2.31	0.49	9.12	15.37	11.52	7.66
04/23/12	2.08	-4.63	-2.65	1.69	9.46	15.59	14.16	7.47
04/24/12	1.54	-5.98	-3.52	1.02	10.14	16.96	13.94	8.05
04/25/12	2.28	-6.53	-2.91	0.69	8.05	13.2	10.88	7.81
04/26/12	1.01	-8.64	-4.66	-0.58	8.13	14.47	11.64	7.2
04/27/12	0	-6.52	-5.4	-2.05	7.84	15.42	12.08	6.46
04/28/12	0.34	-7.03	-4.22	-0.51	8.72	13.96	11.9	8.19
04/29/12	2.15	-4.28	-2.38	0.42	9.33	16.18	12.95	7
04/30/12	-4.5	-9.27	-5.61	-5.65	4.7	9.65	9.5	3.48
05/01/12	-8.27	-10.71	-7.92	-10.12	-3.56	0.04	-0.87	-5.84
05/02/12	-10.63	-12.12	-10.92	-12.11	-2.23	2.94	0.8	-3.67
05/03/12	-8.06	-14.76	-12.71	-8.38	3.35	8.12	5.82	1.8
05/04/12	-2.56	-6.14	-4.93	-2.98	7.33	12.61	10.41	4.93
05/05/12	1.28	-4.87	-3.18	-0.38	7.4	12.6	10.17	6.47
05/06/12	0.81	-2.76	-2.78	-0.65	6.78	11.98	10.34	5.8
05/07/12	-0.47	-3.62	-2.09	-2.59	9.06	16.13	11.99	7.65
05/08/12	-1.61	-5.12	-4.66	-3.18	6.78	14.36	11.01	5.39
05/09/12	-2.83	-8.61	-5.5	-3.24	9.04	14.57	12.51	7.98
05/10/12	2.82	-5.46	-4.29	0.96	10.39	16.73	13.61	9.12
05/11/12	2.69	-1.23	-1.47	1.42	11.75	17.65	14.84	9.41
05/12/12	1.61	-5.28	-3.18	1.22	11.68	17.97	15.85	10.2
05/13/12	1.27	-4.04	-2.32	0.22	9.73	14.13	12.34	9.46
05/14/12	0.73	-7.7	-4.6	-0.52	9.33	14.67	12.78	8.33
05/15/12	-0.54	-3.36	-2.42	-1.58	7.37	13.39	10.37	6.4
05/16/12	-0.81	-7.21	-5.07	-0.24	11.52	17.16	14.23	10.58
05/17/12	4.78	-5.27	-2.47	2.42	14.6	20.58	17.61	13.58
05/18/12	6.78	-2.45	-1.5	5.08	15.09	21.7	18.81	14.06
05/19/12	7.12	-4.79	-1.23	5.35	15.29	21.72	19.03	14.25
05/20/12	6.44	-4.86	-1.6	5.28	15.09	20.06	18.63	14.18
05/21/12	8.94	-4.1	0.15	6.95	17.23	22	19.88	17.58
05/22/12	10.74	0.39	2.96	8.94	17.84	22.8	21.28	17.25
05/23/12	8.45	0.84	4.3	8.07	14.55	18.78	16.74	13.2
05/24/12	7.45	-1.93	2.09	7.95	17.77	21.43	19.92	16.46
05/25/12	5.56	7.17	6.91	4.48	11.33	14.06	13.05	9.61
05/26/12	4.69	5.17	5.88	3.48	13.61	18.14	15.32	12.32
05/27/12	6.64	5.79	6.91	5.74	11.07	15.24	13.83	9.67
05/28/12	6.44	3.77	5.01	5.75	15.28	20.47	17.3	14.25
05/29/12	5.75	0.31	2.32	5.13	13.28	17.12	14.26	11.48
05/30/12	6.39	-2.37	-1	5.02	16.35	22.06	18.27	15.59
05/31/12	8.79	-2.62	0.41	7.68	17.71	23.71	20.32	16.18
06/01/12	6.9	5.1	5.45	5.61	13	18.45	14.42	11.94
06/02/12	6.03	2.21	6.14	4.94	15.21	20.85	17.82	15.25
06/03/12	9.87	-1.4	3.5	8.61	18.78	22.24	20.07	16.72
06/04/12	8.31	3.2	5.88	7.74	19.84	27.77	23.14	20.31
06/05/12	11.99	3.31	5.95	11.44	21.52	27.41	23.03	20.24
06/06/12	11.25	2.87	5.45	9.87	16.89	19.81	17.75	15.52
06/07/12	11.15	2.46	5.38	9.94	20.57	26.09	23.28	20.91
06/08/12	12.71	10.17	10.61	11.52	20.44	27.21	23.06	19.73
06/09/12	9.85	7.84	10.2	8.94	16.76	20.22	18.27	14.59
06/10/12	10.59	8.46	9.87	9.74	20.51	24.43	22.19	18.97
06/11/12	10.66	7.61	8.75	8.74	19.03	25.46	22.64	18.91
06/12/12	4.36	0.66	2.12	4.01	13.29	16.77	15.95	11.87
06/13/12	3.82	2.93	2.32	2.35	9.93	12.72	11.75	8.87
06/14/12	8.11	0.97	3.1	6.68	16.83	21.95	18.54	16.39
06/15/12	8.99	-1.04	2.06	9.35	18.7	24.52	21.69	19.77
06/16/12	8.99	1.35	3.32	8.61	17.16	22.19	19.68	16.32
06/17/12	9.12	2.18	4.8	8.21	20.18	25.97	22.22	19.31
06/18/12	8.45	2.17	4.53	8.74	20.78	25.89	22.66	19.84
06/19/12	10.93	-0.22	3.6	12.55	23.47	29.26	25.23	22.84
06/20/12	15.29	3.75	8.82	13.2	23.12	27.69	25.25	23.44
06/21/12	14.28	1.47	6.48	12.94	22.51	28.08	24.76	21.84
06/22/12	14.3	0.68	4.8	13.87	24.58	30.84	26.56	24.36
06/23/12	15.7	4.35	8.03	14.67	25.72	31.37	26.47	26.02
06/24/12	12.66	7.45	8.26	11.27	24.65	31.13	27.01	24.04
06/25/12	9.58	5.71	9.57	8.08	17.84	23.5	19.34	17.39
06/26/12	7.84	2.77	7.22	6.75	17.69	19.98	18.02	17.69
06/27/12	6.96	8.47	8.33	5.81	13	16.13	14.4	11.4
06/28/12	8.85	8.4	8.9	8.21	14.61	17.75	15.76	13.14
06/29/12	9.11	4.53	7.32	8.81	16.89	22.17	18.71	15.66
06/30/12	9.93	1.76	4.94	8.94	17.76	22.64	19.62	17.52
07/01/12	12.93	7.11	10.2	11.67	20.85	25.44	22.91	20.65
07/02/12	12.07	5.37	8.23	10.68	18.96	24.14	19.65	18.39
07/03/12	9.98	6.97	7.99	9.2	16.42	19.6	16.57	14.19
07/04/12	8.25	4.67	6.21	7.55	14.21	17.27	15.73	12.14
07/05/12	7.18	-0.43	2.63	6.48	19.23	25.37	21.75	19.77
07/06/12	10.79	8.28	9.54	10.54	20.04	24.53	22.63	19.31
07/07/12	10.32	7.88	8.5	9.2	21.12	26.51	22.53	20.64
07/08/12	6.64	-1.5	3.32	6.75	15.27	20.86	17.99	14.19
07/09/12	6.78	-2.81	0.82	6.69	18.36	23.89	20.42	17.77
07/10/12	8.18	1.08	5.11	7.21	14.48	17.97	16.3	12.87
07/11/12	8.31	1.81	5.41	7.08	17.82	23.73	19.78	17.31
07/12/12	10.67	-0.63	3.43	8.88	19.3	24.86	21.02	19.24
07/13/12	8.03	4.61	6.81	7.75	15.5	18.36	16.81	13.53
07/14/12	6.97	0.56	3.27	7.21	16.89	21.87	18.71	15.26
07/15/12	8.58	5.73	7.09	7.55	17.84	23.84	20.19	17.37
07/16/12	8.31	7.61	9.48	7.15	12.33	15.74	14.74	10.68
07/17/12	7.44	4.74	7.29	6.21	12.68	16.17	14.27	10.2
07/18/12	6.57	6.5	6.96	5.22	9.32	12.66	11.21	7.28
07/19/12	6.49	8.51	8.4	5.14	9.78	13.04	11.65	8.61
07/20/12	6.03	7.83	7.56	4.82	13.34	17.67	14.9	12.19
07/21/12	10.39	9.83	10.1	9.81	12.87	15.61	14.57	12.2
07/22/12	11.47	10.88	11.21	10.68	20.04	24.24	21.29	18.84
07/23/12	9.31	8.86	9.8	8.34	15.21	19.23	16.57	14.2
07/24/12	8.99	8.5	8.94	7.75	13.41	18	15.48	13
07/25/12	10.05	3.37	7.52	9.47	19.43	24.72	20.42	18.77
07/26/12	12.41	1.56	5.61	12.41	22.58	28.51	24.69	22.71
07/27/12	12.06	7.85	9.97	12.27	20.91	26.51	22.69	20.17
07/28/12	10.99	5.8	7.49	10.94	21.57	26.96	23.06	21.51
07/29/12	11.87	5.96	8.94	10.41	21.77	27.89	23.81	21.57
07/30/12	6.77	4.66	5.04	6.28	15.56	19.43	16.75	16.75
07/31/12	5.56	-1.45	1.79	5.75	17.45	23.03	18.15	15.99
08/01/12	11.6	5.01	6.09	10.14	17.16	23.01	18.98	16.26
08/02/12	6.24	8.4	7.86	5.01	16.71	19.57	17.01	14.59
08/03/12	5.56	6.88	7.06	4.35	9.46	13.22	11.52	8.08
08/04/12	5.97	1.53	4.23	5.01	10.73	14.04	12.7	9.27
08/05/12	5.43	-0.34	2.12	5.82	15.09	21.23	15.9	14.45
08/06/12	8.38	-2.53	1.59	7.88	18.63	24.86	21.05	19.17
08/07/12	6.1	6.95	7.39	4.68	11.4	13.17	12.12	11.54
08/08/12	5.43	1.11	3.89	3.48	13.74	18.55	15.88	11.6
08/09/12	6.57	-2.11	0.82	7.29	17.09	21.57	18.39	16.46
08/10/12	7.59	-2.32	1.83	7.68	18.02	23.17	20.12	17.58
08/11/12	9.12	-1.68	3.33	10.55	19.12	24.79	21.21	17.44
08/12/12	10.66	6.79	6.38	11.54	18.83	25.38	21.64	18.46
08/13/12	11.8	2.44	6.58	10.74	20.76	26.27	22.29	19.97
08/14/12	10.47	-0.89	3.91	11.41	21.17	26.88	23.27	21.11
08/15/12	12.07	0.05	4.91	12.27	21.32	25.89	22.83	19.12
08/16/12	10.59	5.98	9.01	9.74	15.14	20.84	16.97	14.52
08/17/12	7.11	-1.09	3.06	7.48	14.69	20.32	16.44	14.07
08/18/12	6.71	-0.84	2.93	7.08	16.83	22.21	18.48	15.91
08/19/12	9.12	5.4	6.78	8.34	17.03	22.95	19.04	17.06
08/20/12	7.84	3.26	4.37	6.81	16.08	21.68	18.52	15.45
08/21/12	4.5	-2.28	0.85	4.88	11.6	17.36	13.59	10.73
08/22/12	4.29	-5.53	-1.87	5.02	16.76	23.07	18.98	17.37
08/23/12	10.32	-1.57	2.73	8.94	18.78	23.67	20.53	17.77
08/24/12	6.64	-1.63	3.23	5.88	14.15	18.31	15.83	12.19
08/25/12	6.91	5.52	7.97	5.68	9.8	13.47	11.79	7.74
08/26/12	7.04	7.78	7.83	5.94	8.65	11.96	10.31	7.01
08/27/12	3.01	0.11	3.6	1.82	8.18	11.08	9.98	6.01
08/28/12	0.93	-2.12	-1.03	0.15	10	14.36	11.35	7.87
08/29/12	3.35	-2.27	-0.16	3.15	11.13	15	12.83	9.54
08/30/12	8.38	2.74	4.4	9.01	17.89	23.18	19.58	16.59
08/31/12	7.03	6.03	6.92	5.88	11.06	15.55	12.66	10.2
09/01/12	6.64	5.02	5.68	5.62	10.13	11.33	10.48	8.55
09/02/12	5.56	4.6	4.43	4.42	12.27	17.43	14.2	12.65
09/03/12	7.98	2.94	2.73	6.81	14.21	17.99	15.98	13.41
09/04/12	6.57	6.07	6.86	5.41	13.54	18.73	15.68	13.32
09/05/12	5.36	4.76	3.73	4.08	12.61	16.64	13.89	10.68
09/06/12	2.55	-0.87	0.88	1.22	5.77	9.6	8.5	4.08
09/07/12	0.87	-4.49	-2.45	0.29	8.12	11.14	9.14	6
09/08/12	0.27	-7.33	-3.58	1.02	7.98	14.25	11.6	8.06
09/09/12	0.87	-6.52	-2.81	-0.05	6.51	12.13	9.61	7.21
09/10/12	-1.22	-9.87	-5.6	-2.12	4.7	8.65	7.22	3.87
09/11/12	-1.08	-6.27	-4.6	-2.71	7.1	12.18	10.05	6.93
09/12/12	1.68	-9.58	-5.1	-0.18	9.65	14.73	11.72	9.18
09/13/12	-0.88	-10.47	-5.77	-0.51	7.1	12.45	10.42	7.46
09/14/12	1.47	-3.06	-1.33	1.36	7.91	12.44	10.34	7.46
09/15/12	2.75	-2.8	-0.83	2.69	10.93	14.78	13.24	9.2
09/16/12	7.65	5.37	7.86	6.21	13.74	17.1	15.87	12.27
09/17/12	0.67	-5.1	-3.05	1.02	8.46	12.24	10.72	6.89
09/18/12	1.49	-7.81	-4.43	0.89	10.07	13.71	12.16	8.34
09/19/12	5.65	-2.86	-0.4	4.14	8.52	10.55	8.48	7.68
09/20/12	6.84	5.63	5.95	6.08	10.07	11.16	10.35	9.28
09/21/12	7.04	1.67	3.13	5.68	11.26	16.45	13.69	10.87
09/22/12	10.74	5.72	4.45	9.42	17.03	19.43	17.4	15.61
09/23/12	1.4	2.76	3.63	0.08	14.89	17.63	16.29	13.19
09/24/12	-1.28	-6.1	-3.24	-2.92	3.42	8.5	6.19	3.2
09/25/12	3.57	-7.25	-3.99	2.56	11.8	17.17	14.7	11.58
09/26/12	5.63	-1.24	-0.05	4.68	11.4	15.95	13.57	11.07
09/27/12	3.28	-4.31	-2.31	1.75	7.11	10.07	8.7	5.22
09/28/12	-0.54	-4.24	-1.84	-1.72	6.64	8.98	7.84	5.62
09/29/12	-2.36	-2.53	-1.4	-3.58	1	4.37	3.57	0.22
09/30/12	-4.03	-8.99	-6.1	-5.05	-1.22	3.91	2.27	-2.06
10/01/12	-5.52	-10.48	-8.42	-5.04	2.07	7.35	5.43	2.26
10/02/12	-0.67	-9.38	-6.27	-2.24	4.96	8.37	7.07	4.07
10/03/12	0.68	-9.21	-5.23	1.09	8.25	12.91	10.96	8.33
10/04/12	5.38	-2.28	-0.26	3.75	11.4	13.85	12.53	10.61
10/05/12	4.02	-2.6	-0.43	3.28	9.06	10.25	10.22	8.61
10/06/12	1.95	1.66	1.79	0.69	4.02	5.94	5.21	3.21
10/07/12	0.59	-1.08	-0.72	-0.05	4.36	6.98	6.29	3.01
10/08/12	-2.03	-3.99	-3.15	-3.65	1.34	3.61	2.83	-0.05
10/09/12	-3.37	-8.85	-6.04	-5.51	0.14	3.44	2.68	-1.99
10/10/12	-5.45	-12.5	-10.82	-7.37	-0.2	4.36	3.27	-1.8
10/11/12	-8	-18.16	-14.59	-7.77	-2.16	2.11	0.29	-1.54
10/12/12	-9.35	-16.56	-13.68	-11.52	-5.38	-0.67	-1.75	-6.92
10/13/12	-10.29	-18.29	-13.99	-12.65	-6.46	-3.21	-3.89	-8.04
10/14/12	-8.28	-6.45	-6.81	-9.85	-4.31	0	-1.67	-5.65
10/15/12	-9.02	-7.2	-6.98	-10.05	-5.86	-3.72	-4.43	-7.24
10/16/12	-10.7	-8.97	-9.17	-11.52	-8.48	-5.66	-5.9	-10.12
10/17/12	-12.79	-12.95	-12.78	-13.11	-9.08	-5.79	-6.98	-10.25
10/18/12	-12.25	-15.93	-14.7	-11.58	-6.84	-4.04	-5.06	-5.51
10/19/12	-11.38	-19.73	-15.47	-10.12	-4.84	-2.8	-3.43	-5.06
10/20/12	-12.12	-16.82	-14.08	-11.84	-8	-3.34	-5.97	-9.12
10/21/12	-11.03	-23.03	-20.1	-11.44	-5.85	-6.3	-6.33	-5.93
10/22/12	-14.47	-26.33	-21.51	-12.84	-5.9	-9.34	-11.25	-4.13
10/23/12	-15.95	-28.79	-24.62	-14.11	-9.41	-12.4	-12.9	-7.94
10/24/12	-11.98	-27.36	-21.91	-11.31	-6.66	-3.47	-3.8	-7.12
10/25/12	-9.69	-24.13	-18.54	-10.71	-4.77	-7.4	-8.02	-3.93
10/26/12	-10.09	-12.46	-11.69	-11.12	-9.15	-7.06	-7.52	-10.05
10/27/12	-9.62	-9.97	-10.42	-11.05	-7.4	-3.82	-4.8	-8.19
10/28/12	-12.25	-18.15	-15.03	-11.71	-8.61	-6.76	-7.79	-2
10/29/12	-12.39	-14.58	-13.11	-12.58	-8.35	-7.05	-7.86	-9.31
10/30/12	-13.26	-24.28	-19.65	-13.99	-10.02	-12.34	-12.43	-11.52
10/31/12	-11.44	-20.63	-15.33	-13.38	-9.42	-6.16	-6.67	-11.45
11/01/12	-12.78	-25.76	-20.23	-14.38	-9.62	-6.86	-8.28	-11.72
11/02/12	-14.07	-29.62	-23.97	-14.98	-10.9	-8.9	-9.83	-12.71
11/03/12	-13.73	-18.86	-16.28	-15.58	-12.18	-8.51	-9.24	-14.31
11/04/12	-18.11	-24.06	-22.12	-19.72	-12.25	-9.71	-10.48	-14.45
11/05/12	-18.58	-32.29	-25.36	-19.72	-15.88	-18.88	-22.75	-17.25
11/06/12	-18.04	-33.5	-26.71	-19.46	-15.41	-19.93	-21.71	-15.39
11/07/12	-19.4	-33.25	-28.71	-17.78	-15.47	-25.6	-23.97	-13.67
11/08/12	-15.61	-31.61	-27.19	-15.25	-7.12	-21.2	-18.2	-7.64
11/09/12	-9.15	-20.01	-18.4	-8.91	-4.3	-9.45	-9.57	-4.78
11/10/12	-8.94	-18.44	-14.13	-9.78	-5.59	-7.44	-7.75	-5.98
11/11/12	-12.38	-25.72	-20.67	-14.12	-9.08	-14.52	-14.59	-9.78
11/12/12	-20.07	-32.49	-27.12	-19.59	-12.11	-22.24	-19.98	-11.91
11/13/12	-20.75	-34.08	-28.95	-20.19	-10.55	-20.27	-22.45	-11.38
11/14/12	-15.08	-24.4	-22.15	-17.25	-9.4	-10.65	-11.99	-10.58
11/15/12	-16.43	-31.66	-24.89	-18.25	-14.93	-13.77	-14.96	-15.72
11/16/12	-20.61	-33.7	-26.17	-23.07	-15.95	-15.36	-18.46	-16.52
11/17/12	-23.11	-31.69	-25.87	-25.07	-20.54	-18.18	-18.29	-22.53
11/18/12	-23.52	-22.83	-23	-25.47	-20.14	-18.74	-18.8	-22.26
11/19/12	-21.56	-23.45	-22.15	-23.8	-19.4	-17.53	-17.99	-20.99
11/20/12	-20.14	-29.62	-26.07	-21.79	-16.42	-14.16	-14.78	-17.52
11/21/12	-20.41	-32.22	-26.99	-22.06	-17.51	-22.61	-22.08	-18.26
11/22/12	-18.45	-29.1	-25.73	-19.99	-15.81	-15.52	-16.91	-17.25
11/23/12	-17.78	-26.5	-23.17	-20.06	-14.13	-13.56	-15.52	-15.65
11/24/12	-14.67	-29.2	-22.49	-15.72	-11.16	-17.62	-17.51	-11.78
11/25/12	-13.87	-31.32	-25.09	-12.31	-10.55	-28.52	-22.72	-9.65
11/26/12	-16.15	-30.3	-24.92	-14.98	-12.31	-17.35	-22.45	-11.17
11/27/12	-15.82	-33.62	-25.43	-15.05	-9.68	-29.08	-21.6	-10.64
11/28/12	-16.43	-34.48	-29.02	-14.91	-12.44	-31.69	-22.42	-12.97
11/29/12	-17.57	-34.91	-30.17	-17.99	-13.58	-23.28	-19.1	-13.77
11/30/12	-19.53	-34.43	-29.18	-18.85	-15.68	-24.24	-19.07	-16.98
12/01/12	-25.07	-37.09	-34.1	-24.27	-18.85	-32.85	-28.17	-17.18
12/02/12	-24.53	-38.79	-35.86	-25.34	-20.14	-25.09	-29.11	-20.79
12/03/12	-25.48	-38.55	-31.32	-27.14	-22.03	-22.56	-24.34	-23.6
12/04/12	-24.8	-31.14	-30.03	-26.54	-21.08	-22.84	-23.43	-22.73
12/05/12	-21.9	-26.4	-24.99	-23.73	-20.34	-17.87	-18.74	-22.06
12/06/12	-21.56	-29.4	-27.39	-23.2	-20.27	-19.35	-20.49	-21.12
12/07/12	-21.36	-32.72	-28.24	-23.07	-20.27	-26.71	-26.54	-21.39
12/08/12	-20.75	-35.38	-28.85	-20.99	-11.37	-11.08	-11.85	-12.65
12/09/12	-14.41	-14.66	-14.09	-15.45	-12.05	-10.24	-11.32	-13.52
12/10/12	-17.04	-20.02	-18.14	-16.32	-13.32	-14.05	-14.22	-13.45
12/11/12	-18.93	-18.05	-17.46	-20.13	-14.26	-14.64	-14.93	-15.38
12/12/12	-13.66	-14.05	-14.35	-14.24	-5.72	-6.33	-6.58	-6.58
12/13/12	-23.38	-30.12	-26.07	-21.99	-4.91	-4.69	-4.12	-5.98
12/14/12	-24.67	-37.61	-32.13	-22.93	-19.6	-24.89	-23.5	-19.06
12/15/12	-35.04	-42.19	-40.3	-30.22	-25.96	-36.68	-32.74	-22.93
12/16/12	-35.24	-43.42	-41.3	-31.16	-31.78	-40.35	-38.88	-28.28
12/17/12	-31.65	-43.43	-40.3	-30.82	-18.38	-38.12	-31.04	-19.65
12/18/12	-25.55	-38.7	-30.81	-26.14	-17.84	-28.48	-26.41	-18.25
12/19/12	-32.12	-39.52	-36.88	-30.69	-25.55	-29.58	-28.61	-26.54
12/20/12	-32.73	-42.65	-41.3	-30.28	-22.23	-40.35	-37.11	-22.86
12/21/12	-22.16	-42.65	-40.3	-22.73	-17.57	-37.75	-23.26	-18.39
12/22/12	-20.35	-36.23	-28.48	-21.59	-16.62	-19.94	-18.43	-18.45
12/23/12	-20.62	-33.86	-28.54	-22.26	-18.72	-22.23	-21.09	-19.72
12/24/12	-19.26	-35.54	-29.56	-20.32	-9.08	-22.52	-16.71	-10.11
12/25/12	-11.91	-22.63	-16.14	-11.18	-6.18	-15.46	-13.58	-7.51
12/26/12	-10.69	-28.15	-20.46	-9.85	-5.1	-15.63	-14.86	-5.5
12/27/12	-12.12	-28.33	-21.88	-10.65	-5.78	-23.28	-19.38	-5.77
12/28/12	-11.1	-28.35	-22.9	-10.38	-3.76	-21.08	-16.92	-4.71
12/29/12	-3.35	-22.95	-16.58	-4.44	0.34	-5.74	-2.22	-1.12
12/30/12	-1.27	-17.7	-7.1	-2.91	3.09	-1.78	0.27	2.29
12/31/12	-3.23	-17.19	-7.13	-3.58	0.68	-3.83	-1.49	-0.25
